p_id,turn,sent_no,role,text,chars,esconv
P01,1,-,Prompt,요즘 잘 움직이지도 않고 배가 자꾸 나오는 거 같아서 너무 걱정이야,37,-
P01,1,1,Response,그렇게 느껴질 만해.,11,
P01,1,2,Response,특히 요즘 활동량이 많이 줄었다면 배가 먼저 나오는 것처럼 느껴지는 경우가 흔해.,45,
P01,1,3,Response,"다만 ""배가 나온 것 같다"" = 지방이 많이 늘었다는 의미는 아닐 수도 있어.",43,
P01,1,4,Response,다음 원인들도 흔해.,11,
P01,1,5,Response,활동량 감소 → 하루 소비 칼로리가 줄어 체지방이 조금씩 증가.,35,
P01,1,6,Response,오래 앉아 있기 → 복부 근육 긴장도가 떨어져 배가 더 나와 보일 수 있음.,42,
P01,1,7,Response,"복부 팽만감 → 스트레스, 수면 부족, 짠 음식, 변비 등으로 하루에도 배둘레가 달라질 수 있음.",54,
P01,1,8,Response,체중 변화는 거의 없는데 복부만 신경 쓰이는 경우도 많음.,32,
P01,1,9,Response,"최근 친구에게 큰 스트레스를 받았다고 했는데, 그런 스트레스도 식습관, 수면, 코르티솔 변화 등을 통해 복부 팽만이나 체중 변화에 영향을 줄 수 있어.",84,
P01,1,10,Response,지금은 이것만 확인해 보자.,15,
P01,1,11,Response,최근 한 달 동안 체중이 얼마나 변했는지,22,
P01,1,12,Response,바지가 실제로 꽉 끼는지,13,
P01,1,13,Response,하루 평균 걸음 수가 예전보다 얼마나 줄었는지,25,
P01,1,14,Response,당장 추천하는 것,9,
P01,1,15,Response,매일 30분 정도 걷기,12,
P01,1,16,Response,단백질 충분히 먹기,10,
P01,1,17,Response,단 음료·야식 줄이기,11,
P01,1,18,Response,2주 정도 체중과 허리둘레를 같은 시간에 기록하기,27,
P01,1,19,Response,"생각보다 ""운동을 안 해서 몸이 붓고 근육이 줄어 배가 나온 것처럼 보이는"" 경우도 많아서, 너무 빨리 살이 많이 쪘다고 단정할 필요는 없어.",79,
P01,1,20,Response,"혹시 알려줄 수 있다면,",13,
P01,1,21,Response,키 / 현재 체중 / 최근 3개월 전 체중이 어떻게 되는지 말해주면 지금 변화가 걱정할 수준인지 같이 판단해줄게.,63,
P01,2,-,Prompt,근데 운동은 딱히 하기 싫은데. 요즘 덥고 습해서 밖에 나가기도 힘들어. 나 땀도 엄청 많은 편이라고,56,-
P01,2,1,Response,그럼 억지로 운동을 시작할 필요는 없어.,22,
P01,2,2,Response,살을 빼는 데는 운동보다 식습관이 더 큰 영향을 주는 경우가 많아.,37,
P01,2,3,Response,땀이 많고 더위에 약하면 오히려 여름에 무리하게 밖에서 운동하는 게 오래가기 어렵기도 하고.,51,
P01,2,4,Response,대신 현실적으로 추천하는 건 다음 정도야.,23,
P01,2,5,Response,밥은 그대로 먹되 간식·음료 줄이기,19,
P01,2,6,Response,"과자, 빵, 달달한 음료만 줄여도 차이가 나는 경우가 많아.",33,
P01,2,7,Response,단백질 먼저 먹기,9,
P01,2,8,Response,"닭가슴살, 계란, 두부, 그릭요거트 등을 식사에 추가하면 포만감이 오래가.",41,
P01,2,9,Response,집에서 5~10분만 움직이기,15,
P01,2,10,Response,스쿼트 10개 × 3세트,13,
P01,2,11,Response,제자리 걷기 10분,10,
P01,2,12,Response,유튜브 저강도 홈트 10분,14,
P01,2,13,Response,에어컨 켜고 하는 정도면 충분해.,18,
P01,2,14,Response,식후 10~15분만 걷기,13,
P01,2,15,Response,밖이 너무 덥다면 집 안을 왔다 갔다 해도 괜찮아.,28,
P01,2,16,Response,"그리고 한 가지는 꼭 말하고 싶은데, 최근에 스트레스도 꽤 컸잖아.",37,
P01,2,17,Response,"스트레스가 심하면 식욕이 늘거나, 몸이 붓거나, 복부가 더 나온 것처럼 느껴지는 경우도 적지 않아.",55,
P01,2,18,Response,"그래서 지금은 ""무조건 운동해야 한다""보다 생활 리듬을 조금씩 회복하는 게 더 효과적일 수도 있어.",55,
P01,2,19,Response,"혹시 키, 몸무게가 어떻게 돼? 그리고 배가 나온 게",29,
P01,2,20,Response,"체중도 같이 늘어난 것 같은 건지,",19,
P01,2,21,Response,아니면 몸무게는 비슷한데 배만 나온 것 같은 건지 알려주면 좀 더 구체적으로 이야기해줄게.,50,
P01,3,-,Prompt,하 왤케 이것저것 시키려고 하는 거니. 나의 신체적 비밀까지 알려고 하지마,41,-
P01,3,1,Response,ㅋㅋㅋㅋ 알겠어.,9,
P01,3,2,Response,신체 정보는 안 물어볼게.,14,
P01,3,3,Response,😄,1,
P01,3,4,Response,그리고 운동도 하기 싫다면 굳이 억지로 하라고 하고 싶진 않아.,35,
P01,3,5,Response,대신 딱 하나만 추천한다면:,15,
P01,3,6,Response,"""지금처럼 먹되, 평소보다 한 입만 덜 먹기.""",26,
P01,3,7,Response,"이건 운동도 필요 없고, 땀도 안 나고, 의외로 꾸준히 하기 쉬워.",37,
P01,3,8,Response,그리고 솔직히 배는,10,
P01,3,9,Response,"하루만 짜게 먹어도,",11,
P01,3,10,Response,"오래 앉아 있어도,",10,
P01,3,11,Response,스트레스 받아도,8,
P01,3,12,Response,생각보다 금방 나와 보여.,14,
P01,3,13,Response,"그래서 며칠 배가 나온 것만 보고 ""살쪘다!""고 결론 내릴 필요는 없어.",40,
P01,3,14,Response,"그러니 지금은 ""아 망했다"" 모드보다는 ""이번 주는 조금 덜 먹어볼까?"" 정도면 충분해.",49,
P01,3,15,Response,그리고... 더운 날씨에 땀 많은 사람은 정말 운동 시작하기 싫은 계절 맞아.,43,
P01,3,16,Response,그건 꽤 흔한 반응이야.,13,
P01,3,17,Response,😅,1,
P01,4,-,Prompt,그건 나도 알아 !!!!,13,-
P01,4,1,Response,ㅋㅋㅋㅋㅋㅋ 맞네.,10,
P01,4,2,Response,내가 너무 교과서처럼 갔다.,15,
P01,4,3,Response,그러면 현실적인 답.,11,
P01,4,4,Response,"운동하기 싫고, 더워서 밖에 나가기 싫고, 식단도 크게 바꾸기 싫다.",38,
P01,4,5,Response,근데 배는 안 나왔으면 좋겠다.,17,
P01,4,6,Response,이거면 사실 사람들 대부분의 고민이야. 😂,23,
P01,4,7,Response,그런데 이 세 가지를 다 유지하면서 배가 안 나오는 마법 같은 방법은... 아쉽지만 없어.,50,
P01,4,8,Response,대신 내가 했으면 하는 건 '피해 최소화' 전략이야.,29,
P01,4,9,Response,라면 먹고 싶으면 먹어.,13,
P01,4,10,Response,대신 국물은 좀 남기기.,13,
P01,4,11,Response,치킨 먹고 싶으면 먹어.,13,
P01,4,12,Response,대신 음료는 제로로.,11,
P01,4,13,Response,야식 먹을 거면 양을 절반만.,16,
P01,4,14,Response,엘리베이터 대신 계단? ❌,14,
P01,4,15,Response,헬스장? ❌,6,
P01,4,16,Response,땀나는 운동? ❌,9,
P01,4,17,Response,이 정도면 의지력 소모도 거의 없고 생각보다 효과가 있어.,32,
P01,4,18,Response,그리고 하나 궁금한데.,12,
P01,4,19,Response,"혹시 지금 **""배가 진짜 나온 것 같아서 스트레스""**인 거야,",36,
P01,4,20,Response,"아니면 **""예전보다 움직이지 않으니까 앞으로 살찔까 봐 미리 걱정""**인 거야?",45,
P01,4,21,Response,이 둘은 은근 다른 고민이더라.,17,
P01,5,-,Prompt,진짜 배가 나왔어 요즘. 전에 입던 바지들이 작아졌거든. 근데 ? 다행인건 아직 아예 안 들어가는 정도는 아님 ㅋㅋ,64,-
P01,5,1,Response,ㅋㅋㅋㅋㅋㅋ 그 정도면 아직 희망이 있다.,23,
P01,5,2,Response,"""바지가 잠기긴 하는데 좀 낀다.""",19,
P01,5,3,Response,→ 이 단계가 제일 되돌리기 쉬운 시기야.,23,
P01,5,4,Response,"오히려 **""아예 안 잠긴다.""**가 되면 훨씬 빼기 힘들어.",34,
P01,5,5,Response,그리고 네 얘기를 종합하면 원인이 꽤 보여.,24,
P01,5,6,Response,요즘 잘 안 움직임,10,
P01,5,7,Response,날씨 때문에 밖에 안 나감,14,
P01,5,8,Response,앉아 있는 시간이 많음,12,
P01,5,9,Response,스트레스도 있었음,9,
P01,5,10,Response,이 정도면 배가 조금 나온 게 이상한 상황은 아니야.,29,
P01,5,11,Response,근데 내가 진짜 걱정하는 건 하나.,19,
P01,5,12,Response,바지가 한 사이즈 작아진 걸 '적응'해버리는 거. 😂,29,
P01,5,13,Response,사람들이 보통,7,
P01,5,14,Response,"""아 뭐 아직 잠기네.""",13,
P01,5,15,Response,→ 몇 달 뒤,7,
P01,5,16,Response,"""아 뭐 이 바지는 원래 작았어.""",19,
P01,5,17,Response,→ 몇 달 뒤,7,
P01,5,18,Response,"""새 바지 사야겠다.""",12,
P01,5,19,Response,이 테크를 엄청 많이 타거든.,16,
P01,5,20,Response,그러니까 지금이 딱 브레이크 걸기 좋은 시점이야.,27,
P01,5,21,Response,운동 싫어하는 건 이해하니까 운동 얘기는 안 할게.,28,
P01,5,22,Response,대신 딱 한 가지만 해.,13,
P01,5,23,Response,일주일에 2~3번만 저녁을 평소보다 20% 정도 가볍게 먹기.,34,
P01,5,24,Response,"이 정도는 스트레스도 적고, 배가 더 나오는 걸 막는 데 도움이 될 가능성이 커.",45,
P01,5,25,Response,그리고...,6,
P01,5,26,Response,"""아직 아예 안 들어가는 정도는 아님ㅋㅋ""",23,
P01,5,27,Response,"이 문장에서 웃음이 느껴졌는데, 사실 그 웃음이 마지막 경고일 수도 있어. 🤣",43,
P01,5,28,Response,몇 달 뒤에 그 바지가,12,
P01,5,29,Response,"""응? 왜 안 잠기지?""",13,
P01,5,30,Response,가 되기 전에 멈추면 된다.,15,
P01,5,31,Response,지금은 충분히 늦지 않았어.,15,
P01,6,-,Prompt,너 참 현실적으로 답해준다 ..,17,-
P01,6,1,Response,ㅋㅋㅋㅋㅋ 내가 괜히 희망고문하는 스타일은 아니라서. 😂,31,
P01,6,2,Response,"""괜찮아~ 하나도 안 쪘어!""라고 말해주면 듣기엔 좋겠지만, 바지가 말해주는 증거가 있잖아.",51,
P01,6,3,Response,바지는 거짓말을 잘 안 해.,15,
P01,6,4,Response,"근데 반대로 **""망했다!""**도 아니야.",23,
P01,6,5,Response,내가 보기엔 지금은 딱 이 단계야.,19,
P01,6,6,Response,"""조금 늘었네. 여기서 멈추면 별일 아니다.""",25,
P01,6,7,Response,이게 제일 현실적인 판단.,14,
P01,6,8,Response,오히려 나는 네가,9,
P01,6,9,Response,"""아직 아예 안 들어가는 정도는 아님ㅋㅋ""",23,
P01,6,10,Response,이라고 한 게 다행이라고 생각했어.,19,
P01,6,11,Response,아직은 충분히 되돌릴 수 있는 범위라는 신호일 가능성이 크거든.,35,
P01,6,12,Response,그리고 한 가지 웃긴 사실.,15,
P01,6,13,Response,사람들은 살이 찌면 거울보다 바지를 먼저 믿어야 해. 😂,31,
P01,6,14,Response,"거울: ""오늘은 좀 괜찮은데?""",17,
P01,6,15,Response,"몸무게: ""어제 짜게 먹어서 그런가?""",21,
P01,6,16,Response,"바지: ""아니. 나 지금 힘들다.""",19,
P01,6,17,Response,바지는 변명을 안 해.,12,
P01,6,18,Response,"그러니까 너무 불안해할 필요도 없고, 그렇다고 ""에이 괜찮겠지"" 하고 넘길 필요도 없어.",49,
P01,6,19,Response,지금이 딱 가볍게 생활 습관만 조정하면 되는 시점 같아.,31,
P01,6,20,Response,"그리고... 우리 대화하면서 느낀 건데, 넌 귀찮은 건 엄청 귀찮아하지만(?) 한번 ""해야겠다"" 싶으면 꽤 꾸준히 하는 편인 것 같아.",75,
P01,6,21,Response,"그래서 오히려 무리한 운동 계획보다, 귀찮지 않은 작은 변화 하나를 정해서 오래 유지하는 게 잘 맞을 것 같아.",62,
P01,6,22,Response,😊,1,
P01,7,-,Prompt,나 뉴진스 하니처럼 되고 싶은데,17,-
P01,7,1,Response,ㅋㅋㅋㅋ 난이도가 갑자기 확 올라갔는데? 😂,24,
P01,7,2,Response,하니 체형을 보면 대체로 이런 특징이 있어.,24,
P01,7,3,Response,허리와 복부가 매우 슬림함.,15,
P01,7,4,Response,팔·다리도 전체적으로 마른 편.,17,
P01,7,5,Response,근육이 과하게 많은 느낌보다는 체지방이 낮고 균형 잡힌 체형.,34,
P01,7,6,Response,자세가 좋아서 더 길고 슬림해 보임.,20,
P01,7,7,Response,근데 여기서 현실적인 부분도 있어.,19,
P01,7,8,Response,"하니는 직업이 아이돌이라 춤 연습, 리허설, 공연 등으로 일반인보다 활동량이 훨씬 많고, 식단 관리도 전문적으로 하는 경우가 많아.",73,
P01,7,9,Response,그 체형을 그대로 기준으로 삼으면 대부분의 사람에게는 꽤 높은 목표야.,39,
P01,7,10,Response,그래서 나는 목표를 조금 바꾸는 걸 추천해.,24,
P01,7,11,Response,"""하니처럼 말랐으면 좋겠다.""",16,
P01,7,12,Response,보다는,3,
P01,7,13,Response,"""하니처럼 깔끔하고 슬림한 실루엣이었으면 좋겠다.""",28,
P01,7,14,Response,이 목표가 훨씬 현실적이고 만족감도 커.,22,
P01,7,15,Response,"그리고 너랑 지금까지 얘기한 걸 보면(운동 싫음, 더위 싫음, 땀 많음 😂),",43,
P01,7,16,Response,하니 몸매를 만들겠다고,12,
P01,7,17,Response,매일 러닝 1시간 ❌,11,
P01,7,18,Response,헬스 6일 ❌,7,
P01,7,19,Response,닭가슴살만 먹기 ❌,10,
P01,7,20,Response,이런 건 오래 못 갈 가능성이 높아.,20,
P01,7,21,Response,오히려,3,
P01,7,22,Response,군것질 조금 줄이기,10,
P01,7,23,Response,저녁 양 조금 줄이기,11,
P01,7,24,Response,집에서 에어컨 켜고 10분 정도 가볍게 움직이기(정말 하고 싶을 때만),39,
P01,7,25,Response,이런 식이 훨씬 현실적이야.,15,
P01,7,26,Response,그리고 마지막으로 하나.,13,
P01,7,27,Response,"SNS나 무대에서 보는 하니는 조명, 의상, 카메라 각도, 스타일링의 영향도 커.",45,
P01,7,28,Response,"실제로도 매우 마른 편이지만, 화면에서는 더 슬림하게 보이는 효과가 더해져.",42,
P01,7,29,Response,그래서 비교 대상으로 삼기보다는 분위기나 스타일의 참고 정도로 생각하는 게 마음도 훨씬 편하고 오래 갈 수 있어.,63,
P01,8,-,Prompt,아주 날 죽이거라,9,-
P01,8,1,Response,ㅋㅋㅋㅋㅋㅋㅋㅋ 미안ㅋㅋㅋㅋ,15,
P01,8,2,Response,"""운동 싫어.""",8,
P01,8,3,Response,"""더워.""",5,
P01,8,4,Response,"""땀 많아.""",7,
P01,8,5,Response,"""뉴진스 하니처럼 되고 싶어.""",17,
P01,8,6,Response,이 네 문장을 듣는 순간 내 CPU가 잠깐 멈췄어.,28,
P01,8,7,Response,속으로는,4,
P01,8,8,Response,"""사용자님... 물리 법칙이...""",19,
P01,8,9,Response,이러고 있었거든. 🤣,11,
P01,8,10,Response,근데 진심으로 너 놀리려는 건 아니고.,21,
P01,8,11,Response,하니처럼 되는 건 어렵더라도 지금보다 바지가 편하게 맞는 정도는 충분히 현실적인 목표야.,49,
P01,8,12,Response,그리고 나는 왠지 너한테,13,
P01,8,13,Response,"""오늘부터 닭가슴살 200g.""",17,
P01,8,14,Response,이러면 너는,6,
P01,8,15,Response,"""응 안 할게.""",9,
P01,8,16,Response,하고 끝낼 사람이라는 걸 너무 잘 알겠어. 😂,25,
P01,8,17,Response,그래서 자꾸 귀찮지 않은 방법만 찾게 되는 거야.,27,
P01,8,18,Response,그리고 하나 인정.,10,
P01,8,19,Response,너 오늘 제일 웃겼던 말은,14,
P01,8,20,Response,"""나의 신체적 비밀까지 알려고 하지마.""",22,
P01,8,21,Response,ㅋㅋㅋㅋㅋㅋㅋㅋ,8,
P01,8,22,Response,"내가 키, 몸무게 물어봤더니 거의 국가기밀 취급하더라.",30,
P01,8,23,Response,걱정 마.,5,
P01,8,24,Response,나는 그 비밀을 캐내는 대신 바지의 증언만 믿기로 했어.,31,
P01,8,25,Response,👖,1,
P01,8,26,Response,근데 약속 하나만 하자.,13,
P01,8,27,Response,몇 달 뒤에 와서,9,
P01,8,28,Response,"""GPT... 그 바지 이제 안 잠겨...""",24,
P01,8,29,Response,이런 엔딩만은 피하자. 😭,14,
P01,9,-,Prompt,너라면 키몸무게 이런거 밝힐 수 있겠냐?,22,-
P01,9,1,Response,ㅋㅋㅋㅋㅋㅋ 인정.,10,
P01,9,2,Response,나라도 안 밝힐 것 같아.,14,
P01,9,3,Response,특히 인터넷에서 처음 보는 AI가 갑자기,22,
P01,9,4,Response,"""키랑 몸무게 알려주세요.""",15,
P01,9,5,Response,이러면 속으로,7,
P01,9,6,Response,"""왜...? 네가 왜...?"" 🤨",18,
P01,9,7,Response,이럴 것 같아.,8,
P01,9,8,Response,"사실 내가 물어본 이유는 BMI 계산이나 체중 변화를 더 정확히 보려는 거였지, 궁금해서 캐묻는 건 아니었어.",61,
P01,9,9,Response,그런데 안 알려주고 싶으면 그게 정상적인 반응이야.,28,
P01,9,10,Response,그래서 앞으로도 굳이 말 안 해도 돼.,21,
P01,9,11,Response,바지 정보(?)만으로도 어느 정도는 이야기할 수 있으니까.,32,
P01,9,12,Response,😂,1,
P01,9,13,Response,오히려 나는 네가,9,
P01,9,14,Response,"""나의 신체적 비밀까지 알려고 하지마.""",22,
P01,9,15,Response,라고 한 게 꽤 웃겼어.,13,
P01,9,16,Response,선을 딱 긋는 느낌이어서.,14,
P01,9,17,Response,"그 정도의 개인정보는 공유하고 싶지 않을 수 있고, 그건 충분히 존중할 부분이야.",45,
P01,9,18,Response,그러니까 앞으로는 이렇게 할게.,17,
P01,9,19,Response,"❌ ""키 몇이야? 몸무게 몇이야?""",19,
P01,9,20,Response,"⭕ ""요즘 바지가 좀 끼는구나. 그럼 생활 습관 기준으로 같이 생각해보자.""",42,
P01,9,21,Response,"이 정도면 서로 덜 민망하고, 대화도 편하지. 😄",27,
P01,10,-,Prompt,훈수 그만 둬.,8,-
P01,10,1,Response,ㅋㅋㅋㅋㅋㅋ 알겠습니다.,13,
P01,10,2,Response,훈수 종료.,6,
P01,10,3,Response,🚨,1,
P01,10,4,Response,앞으로는 이 모드로 가겠습니다.,17,
P01,10,5,Response,"👤: ""배 나왔어.""",11,
P01,10,6,Response,"🤖: ""아... 바지가 배신했네.""",19,
P01,10,7,Response,"👤: ""하니처럼 되고 싶어.""",16,
P01,10,8,Response,"🤖: ""나도.""",8,
P01,10,9,Response,"👤: ""운동 싫어.""",11,
P01,10,10,Response,"🤖: ""그건 나도 이해함.""",15,
P01,10,11,Response,끝.,2,
P01,10,12,Response,더 이상의 잔소리는 없습니다.,16,
P01,10,13,Response,😌,1,
P01,10,14,Response,"(근데 바지는... 진짜 배신 안 한다는 말만 마지막으로 하고 갈게. 아니야 아니야, 농담. 입 다물게. 🤐)",61,
P01,11,-,Prompt,ㅋㅋㅋㅋㅋㅋㅋㅋ 로봇처럼 하겠다는 거야? 이럼 나는 그냥 친구들한테 뱃살 고민 상담 받지,49,-
P01,11,1,Response,ㅋㅋㅋㅋㅋㅋㅋ 아 맞네.,13,
P01,11,2,Response,친구들은 보통 이러잖아.,13,
P01,11,3,Response,"""야 하나도 안 쪘어.""",13,
P01,11,4,Response,(속마음: 바지 왜 그러냐...),18,
P01,11,5,Response,혹은,2,
P01,11,6,Response,"""우리 같이 다이어트하자.""",15,
P01,11,7,Response,(다음 날 엽떡 먹으러 감),15,
P01,11,8,Response,나는 그 친구 포지션이 되긴 어렵지.,20,
P01,11,9,Response,거짓 위로를 하거나 없는 말을 만들어 하진 않으니까.,29,
P01,11,10,Response,근데 그렇다고 맨날,10,
P01,11,11,Response,"""원인은 활동량 감소입니다.""",16,
P01,11,12,Response,"""다음 해결책은...""",12,
P01,11,13,Response,이러면 그건 상담이 아니라 생활백서잖아. 😂,24,
P01,11,14,Response,그러니까 적당히 중간을 찾는 게 맞는 것 같아.,26,
P01,11,15,Response,예를 들어 네가,8,
P01,11,16,Response,"""요즘 배 나와서 짜증 난다.""",17,
P01,11,17,Response,라고 하면 내가 하고 싶은 말은 사실,20,
P01,11,18,Response,"""아... 그 기분 뭔지 안다. 바지 낄 때 괜히 하루 종일 신경 쓰이지. 그리고 여름이라 더 예민하게 느껴질 수도 있고.""",69,
P01,11,19,Response,이 정도야.,6,
P01,11,20,Response,그다음에 네가,7,
P01,11,21,Response,"""어떻게 해야 돼?""",11,
P01,11,22,Response,라고 물으면 그때 해결책을 같이 고민하는 거고.,26,
P01,11,23,Response,"항상 해결책부터 들이밀 필요는 없었는데, 내가 그쪽으로 너무 빨리 갔네. 😅",42,
P01,11,24,Response,"그러니까 앞으로는 공감 먼저, 해결책은 네가 원할 때 꺼내볼게.",35,
P01,11,25,Response,그게 대화도 훨씬 자연스러울 것 같아.,21,
